  0.000000,  0.000000,  0.000000,  0.000000,  0.000000,  0.000000
  0.000000,  0.000000,  0.000000,  0.000000,  0.000000,  0.000000
  0.000000,  0.000643, -0.000718,  0.000075,  0.000000, -0.000000
 -0.000000,  0.001929, -0.002155,  0.000226, -0.000000,  0.000000
 -0.000000,  0.003859, -0.004311,  0.000452, -0.000000,  0.000000
 -0.000001,  0.006431, -0.007184,  0.000753, -0.000001,  0.000000
 -0.000003,  0.009646, -0.010776,  0.001129, -0.000003,  0.000001
 -0.000006,  0.013505, -0.015086,  0.001579, -0.000006,  0.000002
 -0.000011,  0.018006, -0.020114,  0.002104, -0.000011,  0.000004
 -0.000019,  0.023150, -0.025859,  0.002703, -0.000019,  0.000006
 -0.000031,  0.028937, -0.032320,  0.003373, -0.000031,  0.000010
 -0.000047,  0.035365, -0.039496,  0.004115, -0.000047,  0.000016
 -0.000070,  0.042435, -0.047385,  0.004927, -0.000070,  0.000023
 -0.000100,  0.050145, -0.055984,  0.005806, -0.000100,  0.000033
 -0.000138,  0.058495, -0.065290,  0.006749, -0.000138,  0.000046
 -0.000187,  0.067483, -0.075297,  0.007752, -0.000187,  0.000063
 -0.000247,  0.077107, -0.086001,  0.008812, -0.000247,  0.000083
 -0.000321,  0.087365, -0.097394,  0.009922, -0.000321,  0.000107
 -0.000410,  0.098254, -0.109467,  0.011076, -0.000410,  0.000137
 -0.000517,  0.109771, -0.122210,  0.012266, -0.000517,  0.000173
 -0.000642,  0.121913, -0.135610,  0.013482, -0.000642,  0.000215
 -0.000790,  0.134674, -0.149653,  0.014715, -0.000790,  0.000264
 -0.000961,  0.148050, -0.164321,  0.015951, -0.000961,  0.000320
 -0.001159,  0.162035, -0.179596,  0.017176, -0.001159,  0.000386
 -0.001386,  0.176621, -0.195455,  0.018374, -0.001386,  0.000461
 -0.001644,  0.191801, -0.211874,  0.019528, -0.001644,  0.000545
 -0.001936,  0.207567, -0.228824,  0.020616, -0.001936,  0.000641
 -0.002265,  0.223909, -0.246276,  0.021619, -0.002265,  0.000748
 -0.002634,  0.240817, -0.264195,  0.022510, -0.002634,  0.000868
 -0.003045,  0.258280, -0.282546,  0.023265, -0.003045,  0.001001
 -0.003502,  0.276285, -0.301288,  0.023855, -0.003502,  0.001147
 -0.004008,  0.294821, -0.320381,  0.024251, -0.004008,  0.001309
 -0.004566,  0.313874, -0.339778,  0.024419, -0.004566,  0.001485
 -0.005179,  0.333428, -0.359433,  0.024326, -0.005179,  0.001678
 -0.005849,  0.353470, -0.379295,  0.023938, -0.005849,  0.001887
 -0.006582,  0.373983, -0.399314,  0.023217, -0.006582,  0.002114
 -0.007380,  0.394951, -0.419434,  0.022124, -0.007380,  0.002358
 -0.008246,  0.416358, -0.439601,  0.020622, -0.008246,  0.002621
 -0.009184,  0.438186, -0.459757,  0.018668, -0.009184,  0.002902
 -0.010199,  0.460418, -0.479845,  0.016223, -0.010199,  0.003203
 -0.011292,  0.483036, -0.499805,  0.013245, -0.011292,  0.003524
 -0.012469,  0.506022, -0.519578,  0.009691, -0.012469,  0.003865
 -0.013733,  0.529357, -0.539103,  0.005520, -0.013733,  0.004226
 -0.015089,  0.553023, -0.558321,  0.000688, -0.015089,  0.004609
 -0.016540,  0.577001, -0.577170, -0.004845, -0.016540,  0.005013
 -0.018092,  0.601272, -0.595589, -0.011122, -0.018092,  0.005438
 -0.019748,  0.625817, -0.613519, -0.018184, -0.019748,  0.005885
 -0.021513,  0.650616, -0.630899, -0.026073, -0.021513,  0.006355
 -0.023392,  0.675649, -0.647669, -0.034828, -0.023392,  0.006847
 -0.025391,  0.700896, -0.663770, -0.044490, -0.025391,  0.007362
 -0.027515,  0.726335, -0.679142, -0.055096, -0.027515,  0.007901
 -0.029769,  0.751947, -0.693728, -0.066685, -0.029768,  0.008463
 -0.032159,  0.777708, -0.707468, -0.079293, -0.032158,  0.009049
 -0.034691,  0.803596, -0.720306, -0.092955, -0.034691,  0.009660
 -0.037372,  0.829589, -0.732184, -0.107707, -0.037372,  0.010296
 -0.040209,  0.855661, -0.743045, -0.123581, -0.040208,  0.010957
 -0.043208,  0.881788, -0.752833, -0.140609, -0.043208,  0.011645
 -0.046378,  0.907945, -0.761494, -0.158821, -0.046377,  0.012359
 -0.049725,  0.934103, -0.768970, -0.178247, -0.049724,  0.013101
 -0.053259,  0.960236, -0.775209, -0.198914, -0.053258,  0.013870
 -0.056989,  0.986313, -0.780155, -0.220847, -0.056987,  0.014669
 -0.060923,  1.012305, -0.783756, -0.244071, -0.060921,  0.015498
 -0.065071,  1.038180, -0.785959, -0.268608, -0.065069,  0.016357
 -0.069445,  1.063906, -0.786711, -0.294480, -0.069443,  0.017248
 -0.074055,  1.089450, -0.785961, -0.321704, -0.074052,  0.018172
 -0.078914,  1.114776, -0.783659, -0.350298, -0.078911,  0.019129
 -0.084035,  1.139850, -0.779755, -0.380278, -0.084031,  0.020121
 -0.089432,  1.164635, -0.774200, -0.411657, -0.089427,  0.021148
 -0.095120,  1.189094, -0.766949, -0.444447, -0.095115,  0.022212
 -0.101117,  1.213191, -0.757954, -0.478657, -0.101110,  0.023315
 -0.107440,  1.236888, -0.747173, -0.514295, -0.107433,  0.024455
 -0.114110,  1.260147, -0.734563, -0.551368, -0.114102,  0.025636
 -0.121150,  1.282933, -0.720086, -0.589879, -0.121140,  0.026856
 -0.128584,  1.305209, -0.703706, -0.629828, -0.128572,  0.028118
 -0.136440,  1.326941, -0.685390, -0.671217, -0.136426,  0.029421
 -0.144749,  1.348096, -0.665110, -0.714040, -0.144733,  0.030765
 -0.153545,  1.368645, -0.642845, -0.758292, -0.153526,  0.032151
 -0.162867,  1.388562, -0.618577, -0.803963, -0.162844,  0.033577
 -0.172756,  1.407824, -0.592300, -0.851039, -0.172730,  0.035044
 -0.183262,  1.426414, -0.564015, -0.899501, -0.183231,  0.036548
 -0.194435,  1.444321, -0.533737, -0.949324, -0.194399,  0.038088
 -0.206332,  1.461541, -0.501491, -1.000477, -0.206290,  0.039660
 -0.219013,  1.478081, -0.467323, -1.052920, -0.218964,  0.041262
 -0.232540,  1.493952, -0.431293, -1.106604, -0.232483,  0.042886
 -0.246975,  1.509180, -0.393482, -1.161469, -0.246908,  0.044528
 -0.262370,  1.523798, -0.353993, -1.217445, -0.262292,  0.046180
 -0.278767,  1.537848, -0.312947, -1.274447, -0.278676,  0.047833
 -0.296179,  1.551380, -0.270481, -1.332385, -0.296073,  0.049477
 -0.314580,  1.564445, -0.226741, -1.391159, -0.314457,  0.051102
 -0.333888,  1.577094, -0.181873, -1.450668, -0.333746,  0.052699
 -0.353950,  1.589369, -0.136013, -1.510812, -0.353786,  0.054256
 -0.374533,  1.601300, -0.089277, -1.571500, -0.374344,  0.055768
 -0.395335,  1.612907, -0.041764, -1.632647, -0.395120,  0.057230
 -0.416008,  1.624206,  0.006432, -1.694169, -0.415765,  0.058640
 -0.436204,  1.635219,  0.055206, -1.755976, -0.435932,  0.059999
 -0.455618,  1.645986,  0.104412, -1.817957, -0.455315,  0.061311
 -0.474023,  1.656577,  0.153851, -1.879976, -0.473690,  0.062578
 -0.491286,  1.667090,  0.203267, -1.941867, -0.490924,  0.063803
 -0.507362,  1.677646,  0.252363, -2.003447, -0.506971,  0.064986
 -0.522272,  1.688378,  0.300821, -2.064525, -0.521853,  0.066128
 -0.536080,  1.699418,  0.348328, -2.124913, -0.535635,  0.067226
 -0.548875,  1.710892,  0.394595, -2.184442, -0.548403,  0.068279
 -0.560752,  1.722905,  0.439371, -2.242963, -0.560255,  0.069285
 -0.571805,  1.735547,  0.482447, -2.300351, -0.571283,  0.070243
 -0.582121,  1.748884,  0.523659, -2.356508, -0.581576,  0.071152
 -0.591779,  1.762965,  0.562882, -2.411357, -0.591212,  0.072011
 -0.600846,  1.777819,  0.600031, -2.464840, -0.600257,  0.072822
 -0.609381,  1.793462,  0.635049, -2.516917, -0.608771,  0.073584
 -0.617436,  1.809895,  0.667904, -2.567558, -0.616805,  0.074299
 -0.625053,  1.827109,  0.698583, -2.616743, -0.624402,  0.074968
 -0.632269,  1.845088,  0.727092, -2.664462, -0.631599,  0.075593
 -0.639116,  1.863806,  0.753446, -2.710706, -0.638428,  0.076176
 -0.645622,  1.883234,  0.777669, -2.755473, -0.644915,  0.076719
 -0.651809,  1.903338,  0.799795, -2.798764, -0.651085,  0.077224
 -0.657699,  1.924080,  0.819859, -2.840580, -0.656958,  0.077694
 -0.663308,  1.945421,  0.837904, -2.880925, -0.662551,  0.078131
 -0.668652,  1.967319,  0.853974, -2.919804, -0.667880,  0.078537
 -0.673746,  1.989732,  0.868116, -2.957224, -0.672958,  0.078913
 -0.678601,  2.012617,  0.880377, -2.993192, -0.677798,  0.079263
 -0.683227,  2.035929,  0.890807, -3.027716, -0.682410,  0.079588
 -0.687635,  2.059627,  0.899456, -3.060806, -0.686805,  0.079890
 -0.691834,  2.083668,  0.906377, -3.092472, -0.690991,  0.080171
 -0.695832,  2.108008,  0.911621, -3.122727, -0.694976,  0.080433
 -0.699637,  2.132608,  0.915240, -3.151584, -0.698769,  0.080678
 -0.703255,  2.157428,  0.917287, -3.179056, -0.702376,  0.080907
 -0.706693,  2.182427,  0.917816, -3.205161, -0.705804,  0.081121
 -0.709959,  2.207570,  0.916879, -3.229916, -0.709059,  0.081321
 -0.713057,  2.232820,  0.914531, -3.253339, -0.712148,  0.081510
 -0.715995,  2.258142,  0.910825, -3.275452, -0.715077,  0.081688
 -0.718777,  2.283504,  0.905815, -3.296275, -0.717851,  0.081856
 -0.721409,  2.308873,  0.899554, -3.315833, -0.720475,  0.082014
 -0.723897,  2.334219,  0.892096, -3.334150, -0.722956,  0.082165
 -0.726245,  2.359515,  0.883496, -3.351252, -0.725298,  0.082308
 -0.728460,  2.384732,  0.873806, -3.367167, -0.727506,  0.082443
 -0.730545,  2.409846,  0.863081, -3.381924, -0.729586,  0.082573
 -0.732506,  2.434830,  0.851374, -3.395552, -0.731542,  0.082696
 -0.734347,  2.459664,  0.838739, -3.408082, -0.733379,  0.082814
 -0.736072,  2.484323,  0.825228, -3.419547, -0.735101,  0.082926
 -0.737687,  2.508788,  0.810896, -3.429978, -0.736712,  0.083033
 -0.739196,  2.533039,  0.795795, -3.439411, -0.738218,  0.083135
 -0.740602,  2.557056,  0.779979, -3.447879, -0.739622,  0.083232
 -0.741910,  2.580821,  0.763499, -3.455417, -0.740928,  0.083325
 -0.743124,  2.604318,  0.746410, -3.462061, -0.742141,  0.083413
 -0.744248,  2.627529,  0.728763, -3.467847, -0.743263,  0.083497
 -0.745284,  2.650439,  0.710611, -3.472812, -0.744299,  0.083576
 -0.746238,  2.673031,  0.692007, -3.476994, -0.745253,  0.083650
 -0.747112,  2.695290,  0.673002, -3.480428, -0.746127,  0.083720
 -0.747909,  2.717202,  0.653649, -3.483154, -0.746925,  0.083786
 -0.748634,  2.738753,  0.634000, -3.485207, -0.747651,  0.083846
 -0.749289,  2.759927,  0.614106, -3.486627, -0.748307,  0.083903
 -0.749878,  2.780711,  0.594019, -3.487450, -0.748897,  0.083954
 -0.750402,  2.801091,  0.573789, -3.487714, -0.749424,  0.084001
 -0.750867,  2.821054,  0.553467, -3.487456, -0.749891,  0.084043
 -0.751273,  2.840587,  0.533103, -3.486713, -0.750300,  0.084080
 -0.751625,  2.859675,  0.512747, -3.485521, -0.750654,  0.084113
 -0.751924,  2.878305,  0.492447, -3.483916, -0.750957,  0.084141
 -0.752174,  2.896466,  0.472250, -3.481933, -0.751210,  0.084164
 -0.752378,  2.914145,  0.452204, -3.479606, -0.751417,  0.084182
 -0.752537,  2.931328,  0.432353, -3.476969, -0.751580,  0.084196
 -0.752655,  2.948004,  0.412742, -3.474054, -0.751702,  0.084206
 -0.752734,  2.964162,  0.393412, -3.470892, -0.751785,  0.084211
 -0.752776,  2.979790,  0.374406, -3.467513, -0.751832,  0.084211
 -0.752784,  2.994877,  0.355761, -3.463945, -0.751845,  0.084207
 -0.752761,  3.009412,  0.337515, -3.460217, -0.751826,  0.084200
 -0.752708,  3.023387,  0.319702, -3.456352, -0.751778,  0.084188
 -0.752628,  3.036792,  0.302356, -3.452376, -0.751704,  0.084173
 -0.752524,  3.049618,  0.285507, -3.448311, -0.751604,  0.084154
 -0.752397,  3.061857,  0.269184, -3.444177, -0.751482,  0.084132
 -0.752250,  3.073501,  0.253411, -3.439994, -0.751340,  0.084107
 -0.752084,  3.084545,  0.238214, -3.435779, -0.751180,  0.084078
 -0.751902,  3.094981,  0.223614, -3.431548, -0.751003,  0.084048
 -0.751705,  3.104804,  0.209629, -3.427314, -0.750812,  0.084014
 -0.751495,  3.114009,  0.196277, -3.423092, -0.750608,  0.083979
 -0.751275,  3.122592,  0.183573, -3.418891, -0.750393,  0.083941
 -0.751045,  3.130550,  0.171531, -3.414722, -0.750169,  0.083901
 -0.750807,  3.137877,  0.160161, -3.410594, -0.749937,  0.083860
 -0.750563,  3.144573,  0.149474, -3.406513, -0.749698,  0.083818
 -0.750314,  3.150634,  0.139478, -3.402487, -0.749455,  0.083774
 -0.750061,  3.156059,  0.130179, -3.398520, -0.749208,  0.083729
 -0.749805,  3.160845,  0.121583, -3.394616, -0.748958,  0.083683
 -0.749547,  3.164992,  0.113696, -3.390780, -0.748706,  0.083637
 -0.749289,  3.168499,  0.106520, -3.387015, -0.748453,  0.083590
 -0.749030,  3.171364,  0.100059, -3.383321, -0.748201,  0.083542
 -0.748772,  3.173587,  0.094314, -3.379702, -0.747948,  0.083495
 -0.748515,  3.175168,  0.089288, -3.376159, -0.747697,  0.083446
 -0.748260,  3.176106,  0.084981, -3.372692, -0.747447,  0.083398
 -0.748006,  3.176401,  0.081393, -3.369302, -0.747199,  0.083349
 -0.747754,  3.176054,  0.078526, -3.365990, -0.746953,  0.083301
 -0.747504,  3.175063,  0.076380, -3.362755, -0.746709,  0.083252
 -0.747256,  3.173429,  0.074953, -3.359597, -0.746467,  0.083203
 -0.747010,  3.171152,  0.074246, -3.356516, -0.746226,  0.083154
 -0.746764,  3.168233,  0.074258, -3.353510, -0.745986,  0.083105
 -0.746520,  3.164670,  0.074988, -3.350581, -0.745747,  0.083055
 -0.746276,  3.160466,  0.076435, -3.347725, -0.745509,  0.083006
 -0.746031,  3.155619,  0.078598, -3.344943, -0.745270,  0.082955
 -0.745785,  3.150131,  0.081475, -3.342232, -0.745029,  0.082905
 -0.745536,  3.144002,  0.085063, -3.339591, -0.744787,  0.082854
 -0.745285,  3.137233,  0.089361, -3.337018, -0.744541,  0.082802
 -0.745028,  3.129824,  0.094365, -3.334510, -0.744290,  0.082748
 -0.744766,  3.121777,  0.100072, -3.332063, -0.744034,  0.082694
 -0.744497,  3.113092,  0.106476, -3.329675, -0.743770,  0.082639
 -0.744218,  3.103772,  0.113572, -3.327340, -0.743497,  0.082582
 -0.743929,  3.093819,  0.121354, -3.325054, -0.743214,  0.082523
 -0.743627,  3.083234,  0.129814, -3.322810, -0.742918,  0.082461
 -0.743311,  3.072020,  0.138943, -3.320602, -0.742608,  0.082398
 -0.742979,  3.060181,  0.148730, -3.318421, -0.742281,  0.082332
 -0.742627,  3.047720,  0.159163, -3.316258, -0.741936,  0.082263
 -0.742255,  3.034641,  0.170226, -3.314102, -0.741571,  0.082190
 -0.741860,  3.020950,  0.181905, -3.311941, -0.741181,  0.082114
 -0.741439,  3.006652,  0.194181, -3.309762, -0.740767,  0.082034
 -0.740989,  2.991753,  0.207032, -3.307550, -0.740324,  0.081949
 -0.740509,  2.976260,  0.220435, -3.305287, -0.739850,  0.081860
 -0.739994,  2.960181,  0.234365, -3.302955, -0.739342,  0.081766
 -0.739442,  2.943526,  0.248794, -3.300532, -0.738797,  0.081666
 -0.738851,  2.926303,  0.263689, -3.297998, -0.738213,  0.081561
 -0.738216,  2.908522,  0.279017, -3.295326, -0.737586,  0.081449
 -0.737536,  2.890196,  0.294741, -3.292492, -0.736912,  0.081330
 -0.736806,  2.871335,  0.310821, -3.289466, -0.736190,  0.081205
 -0.736023,  2.851954,  0.327217, -3.286220, -0.735415,  0.081073
 -0.735183,  2.832065,  0.343881, -3.282720, -0.734584,  0.080932
 -0.734284,  2.811683,  0.360769, -3.278934, -0.733693,  0.080784
 -0.733322,  2.790824,  0.377829, -3.274827, -0.732739,  0.080628
 -0.732292,  2.769504,  0.395010, -3.270361, -0.731718,  0.080463
 -0.731191,  2.747738,  0.412259, -3.265501, -0.730626,  0.080289
 -0.730015,  2.725545,  0.429520, -3.260206, -0.729460,  0.080105
 -0.728760,  2.702943,  0.446736, -3.254436, -0.728215,  0.079912
 -0.727422,  2.679948,  0.463849, -3.248153, -0.726887,  0.079710
 -0.725996,  2.656582,  0.480798, -3.241313, -0.725472,  0.079497
 -0.724479,  2.632862,  0.497525, -3.233875, -0.723965,  0.079274
 -0.722865,  2.608808,  0.513966, -3.225798, -0.722362,  0.079040
 -0.721150,  2.584441,  0.530062, -3.217039, -0.720658,  0.078796
 -0.719328,  2.559782,  0.545750, -3.207557, -0.718849,  0.078540
 -0.717395,  2.534851,  0.560968, -3.197310, -0.716928,  0.078273
 -0.715346,  2.509670,  0.575653, -3.186257, -0.714891,  0.077994
 -0.713174,  2.484262,  0.589744, -3.174357, -0.712733,  0.077703
 -0.710874,  2.458647,  0.603179, -3.161571, -0.710446,  0.077400
 -0.708440,  2.432850,  0.615895, -3.147858, -0.708026,  0.077084
 -0.705865,  2.406895,  0.627832, -3.133180, -0.705465,  0.076755
 -0.703142,  2.380804,  0.638930, -3.117502, -0.702757,  0.076412
 -0.700265,  2.354604,  0.649127, -3.100786, -0.699895,  0.076055
 -0.697225,  2.328320,  0.658364, -3.082997, -0.696871,  0.075684
 -0.694014,  2.301978,  0.666582, -3.064103, -0.693677,  0.075297
 -0.690625,  2.275605,  0.673724, -3.044071, -0.690304,  0.074895
 -0.687047,  2.249229,  0.679730, -3.022870, -0.686744,  0.074476
 -0.683272,  2.222880,  0.684546, -3.000473, -0.682986,  0.074040
 -0.679288,  2.196586,  0.688115, -2.976852, -0.679020,  0.073586
 -0.675084,  2.170378,  0.690382, -2.951980, -0.674835,  0.073112
 -0.670648,  2.144287,  0.691294, -2.925836, -0.670419,  0.072619
 -0.665968,  2.118345,  0.690799, -2.898397, -0.665758,  0.072104
 -0.661028,  2.092585,  0.688845, -2.869644, -0.660838,  0.071567
 -0.655813,  2.067040,  0.685384, -2.839559, -0.655644,  0.071007
 -0.650307,  2.041742,  0.680369, -2.808127, -0.650159,  0.070421
 -0.644490,  2.016726,  0.673754, -2.775334, -0.644364,  0.069809
 -0.638341,  1.992024,  0.665497, -2.741170, -0.638238,  0.069170
 -0.631838,  1.967671,  0.655557, -2.705628, -0.631758,  0.068501
 -0.624956,  1.943698,  0.643899, -2.668700, -0.624899,  0.067801
 -0.617664,  1.920136,  0.630491, -2.630385, -0.617631,  0.067069
 -0.609932,  1.897015,  0.615304, -2.590684, -0.609924,  0.066303
 -0.601722,  1.874362,  0.598318, -2.549600, -0.601739,  0.065502
 -0.592994,  1.852201,  0.579517, -2.507142, -0.593037,  0.064663
 -0.583701,  1.830553,  0.558895, -2.463322, -0.583771,  0.063785
 -0.573790,  1.809434,  0.536455, -2.418159, -0.573887,  0.062868
 -0.563202,  1.788854,  0.512211, -2.371677, -0.563327,  0.061908
 -0.551869,  1.768818,  0.486193, -2.323908, -0.552022,  0.060906
 -0.539713,  1.749319,  0.458444, -2.274891, -0.539895,  0.059860
 -0.526649,  1.730346,  0.429028, -2.224678, -0.526861,  0.058769
 -0.512583,  1.711873,  0.398030, -2.173328, -0.512826,  0.057632
 -0.497411,  1.693867,  0.365555, -2.120916, -0.497685,  0.056448
 -0.481025,  1.676280,  0.331736, -2.067528, -0.481331,  0.055217
 -0.463318,  1.659054,  0.296726, -2.013264, -0.463656,  0.053938
 -0.444189,  1.642124,  0.260701, -1.958235, -0.444561,  0.052609
 -0.423565,  1.625417,  0.223845, -1.902559, -0.423970,  0.051228
 -0.401418,  1.608864,  0.186345, -1.846356, -0.401856,  0.049793
 -0.377789,  1.592407,  0.148365, -1.789738, -0.378261,  0.048299
 -0.352823,  1.576009,  0.110031, -1.732798, -0.353329,  0.046741
 -0.326789,  1.559664,  0.071409, -1.675601, -0.327327,  0.045113
 -0.300084,  1.543401,  0.032496, -1.618178, -0.300652,  0.043409
 -0.273205,  1.527276, -0.006762, -1.560533, -0.273803,  0.041626
 -0.246698,  1.511358, -0.046447, -1.502658, -0.247323,  0.039764
 -0.221072,  1.495702, -0.086616, -1.444557, -0.221721,  0.037827
 -0.196739,  1.480333, -0.127262, -1.386264, -0.197411,  0.035826
 -0.173972,  1.465231, -0.168291, -1.327861, -0.174664,  0.033774
 -0.152901,  1.450332, -0.209525, -1.269470, -0.153611,  0.031686
 -0.133538,  1.435538, -0.250716, -1.211247, -0.134265,  0.029579
 -0.115811,  1.420735, -0.291583, -1.153366, -0.116553,  0.027469
 -0.099601,  1.405800, -0.331833, -1.096005, -0.100357,  0.025369
 -0.084765,  1.390614, -0.371187, -1.039332, -0.085534,  0.023292
 -0.071158,  1.375075, -0.409391, -0.983500, -0.071939,  0.021247
 -0.058641,  1.359092, -0.446229, -0.928641, -0.059434,  0.019242
 -0.047089,  1.342594, -0.481523, -0.874867, -0.047893,  0.017284
 -0.036390,  1.325529, -0.515129, -0.822268, -0.037206,  0.015376
 -0.026450,  1.307859, -0.546940, -0.770919, -0.027277,  0.013522
 -0.017184,  1.289561, -0.576876, -0.720876, -0.018021,  0.011724
 -0.008522,  1.270625, -0.604883, -0.672182, -0.009370,  0.009983
 -0.000403,  1.251053, -0.630929, -0.624872, -0.001262,  0.008300
  0.007224,  1.230852, -0.654998, -0.578970,  0.006355,  0.006675
  0.014404,  1.210042, -0.677088, -0.534492,  0.013524,  0.005106
  0.021174,  1.188643, -0.697211, -0.491450,  0.020284,  0.003593
  0.027567,  1.166683, -0.715383, -0.449852,  0.026667,  0.002135
  0.033612,  1.144193, -0.731632, -0.409700,  0.032701,  0.000730
  0.039332,  1.121206, -0.745989, -0.370994,  0.038411, -0.000623
  0.044750,  1.097759, -0.758491, -0.333733,  0.043819, -0.001926
  0.049885,  1.073888, -0.769177, -0.297910,  0.048943, -0.003182
  0.054753,  1.049632, -0.778091, -0.263519,  0.053800, -0.004391
  0.059369,  1.025027, -0.785279, -0.230551,  0.058406, -0.005556
  0.063746,  1.000114, -0.790788, -0.198995,  0.062773, -0.006679
  0.067898,  0.974930, -0.794668, -0.168837,  0.066914, -0.007760
  0.071834,  0.949512, -0.796968, -0.140063,  0.070840, -0.008803
  0.075566,  0.923898, -0.797742, -0.112657,  0.074561, -0.009809
  0.079102,  0.898124, -0.797041, -0.086600,  0.078086, -0.010779
  0.082451,  0.872224, -0.794919, -0.061873,  0.081425, -0.011714
  0.085622,  0.846234, -0.791431, -0.038452,  0.084586, -0.012617
  0.088622,  0.820186, -0.786632, -0.016317,  0.087575, -0.013489
  0.091458,  0.794110, -0.780577,  0.004560,  0.090401, -0.014331
  0.094138,  0.768039, -0.773321,  0.024204,  0.093069, -0.015145
  0.096667,  0.742001, -0.764922,  0.042644,  0.095588, -0.015930
  0.099052,  0.716024, -0.755435,  0.059909,  0.097962, -0.016689
  0.101299,  0.690135, -0.744918,  0.076030,  0.100199, -0.017423
  0.103413,  0.664360, -0.733428,  0.091038,  0.102302, -0.018131
  0.105400,  0.638724, -0.721021,  0.104969,  0.104279, -0.018816
  0.107265,  0.613249, -0.707756,  0.117856,  0.106133, -0.019478
  0.109013,  0.587960, -0.693691,  0.129735,  0.107871, -0.020117
  0.110650,  0.562877, -0.678882,  0.140642,  0.109497, -0.020735
  0.112178,  0.538022, -0.663388,  0.150615,  0.111015, -0.021331
  0.113604,  0.513415, -0.647268,  0.159692,  0.112430, -0.021907
  0.114931,  0.489075, -0.630578,  0.167913,  0.113746, -0.022462
  0.116163,  0.465023, -0.613378,  0.175316,  0.114968, -0.022998
  0.117305,  0.441276, -0.595725,  0.181942,  0.116099, -0.023515
  0.118360,  0.417853, -0.577678,  0.187830,  0.117144, -0.024013
  0.119332,  0.394771, -0.559294,  0.193022,  0.118106, -0.024493
  0.120225,  0.372047, -0.540631,  0.197559,  0.118988, -0.024955
  0.121043,  0.349699, -0.521746,  0.201480,  0.119796, -0.025400
  0.121788,  0.327744, -0.502696,  0.204827,  0.120531, -0.025827
  0.122465,  0.306196, -0.483537,  0.207639,  0.121197, -0.026238
  0.123076,  0.285073, -0.464325,  0.209958,  0.121798, -0.026633
  0.123626,  0.264391, -0.445114,  0.211822,  0.122337, -0.027013
  0.124116,  0.244163, -0.425957,  0.213269,  0.122816, -0.027377
  0.124550,  0.224405, -0.406907,  0.214339,  0.123241, -0.027727
  0.124932,  0.205132, -0.388015,  0.215068,  0.123612, -0.028063
  0.125264,  0.186358, -0.369330,  0.215491,  0.123934, -0.028385
  0.125549,  0.168095, -0.350898,  0.215643,  0.124208, -0.028694
  0.125790,  0.150357, -0.332766,  0.215556,  0.124440, -0.028991
  0.125991,  0.133156, -0.314977,  0.215264,  0.124630, -0.029277
  0.126153,  0.116504, -0.297570,  0.214795,  0.124782, -0.029551
  0.126280,  0.100411, -0.280586,  0.214178,  0.124899, -0.029815
  0.126375,  0.084887, -0.264059,  0.213438,  0.124983, -0.030069
  0.126439,  0.069943, -0.248023,  0.212602,  0.125038, -0.030314
  0.126477,  0.055587, -0.232508,  0.211690,  0.125065, -0.030551
  0.126489,  0.041826, -0.217544,  0.210724,  0.125068, -0.030780
  0.126480,  0.028669, -0.203154,  0.209724,  0.125048, -0.031002
  0.126450,  0.016120, -0.189362,  0.208705,  0.125008, -0.031218
  0.126403,  0.004187, -0.176188,  0.207684,  0.124951, -0.031428
  0.126341, -0.007126, -0.163650,  0.206673,  0.124879, -0.031633
  0.126266, -0.017814, -0.151765,  0.205686,  0.124793, -0.031833
  0.126179, -0.027875, -0.140545,  0.204732,  0.124697, -0.032031
  0.126083, -0.037304, -0.130002,  0.203821,  0.124591, -0.032224
  0.125980, -0.046099, -0.120146,  0.202961,  0.124478, -0.032416
  0.125872, -0.054258, -0.110986,  0.202157,  0.124359, -0.032605
  0.125759, -0.061779, -0.102528,  0.201416,  0.124236, -0.032793
  0.125644, -0.068660, -0.094777,  0.200743,  0.124111, -0.032979
  0.125528, -0.074901, -0.087739,  0.200140,  0.123985, -0.033166
  0.125412, -0.080502, -0.081416,  0.199612,  0.123859, -0.033351
  0.125297, -0.085460, -0.075811,  0.199160,  0.123734, -0.033537
  0.125185, -0.089776, -0.070926,  0.198787,  0.123612, -0.033724
  0.125076, -0.093450, -0.066763,  0.198493,  0.123493, -0.033911
  0.124972, -0.096482, -0.063322,  0.198281,  0.123379, -0.034099
  0.124872, -0.098871, -0.060604,  0.198151,  0.123269, -0.034289
  0.124778, -0.100618, -0.058610,  0.198103,  0.123164, -0.034480
  0.124689, -0.101722, -0.057339,  0.198138,  0.123066, -0.034672
  0.124607, -0.102184, -0.056792,  0.198255,  0.122973, -0.034866
  0.124530, -0.102004, -0.056969,  0.198456,  0.122887, -0.035062
  0.124460, -0.101181, -0.057870,  0.198741,  0.122807, -0.035259
  0.124397, -0.099715, -0.059495,  0.199108,  0.122733, -0.035458
  0.124339, -0.097608, -0.061843,  0.199558,  0.122665, -0.035659
  0.124287, -0.094858, -0.064914,  0.200091,  0.122603, -0.035861
  0.124241, -0.091466, -0.068709,  0.200706,  0.122547, -0.036064
  0.124199, -0.087432, -0.073226,  0.201402,  0.122495, -0.036269
  0.124161, -0.082755, -0.078465,  0.202179,  0.122447, -0.036474
  0.124127, -0.077436, -0.084424,  0.203036,  0.122402, -0.036681
  0.124095, -0.071476, -0.091103,  0.203970,  0.122360, -0.036888
  0.124064, -0.064874, -0.098499,  0.204981,  0.122319, -0.037094
  0.124032, -0.057632, -0.106610,  0.206065,  0.122278, -0.037301
  0.124000, -0.049749, -0.115433,  0.207219,  0.122235, -0.037507
  0.123965, -0.041227, -0.124962,  0.208440,  0.122190, -0.037711
  0.123926, -0.032068, -0.135192,  0.209723,  0.122141, -0.037914
  0.123880, -0.022273, -0.146117,  0.211063,  0.122085, -0.038115
  0.123827, -0.011844, -0.157729,  0.212453,  0.122022, -0.038313
  0.123764, -0.000784, -0.170018,  0.213885,  0.121949, -0.038508
  0.123690,  0.010905, -0.182971,  0.215350,  0.121865, -0.038698
  0.123602,  0.023217, -0.196576,  0.216837,  0.121767, -0.038885
  0.123498,  0.036150, -0.210817,  0.218336,  0.121653, -0.039066
  0.123376,  0.049698, -0.225677,  0.219831,  0.121520, -0.039241
  0.123233,  0.063855, -0.241133,  0.221307,  0.121367, -0.039410
  0.123067,  0.078615, -0.257164,  0.222748,  0.121191, -0.039572
  0.122875,  0.093970, -0.273744,  0.224134,  0.120990, -0.039726
  0.122655,  0.109914, -0.290844,  0.225444,  0.120760, -0.039871
  0.122404,  0.126436, -0.308434,  0.226654,  0.120499, -0.040007
  0.122119,  0.143528, -0.326479,  0.227741,  0.120204, -0.040133
  0.121797,  0.161178, -0.344943,  0.228677,  0.119872, -0.040248
  0.121436,  0.179377, -0.363787,  0.229432,  0.119501, -0.040352
  0.121032,  0.198111, -0.382968,  0.229977,  0.119087, -0.040444
  0.120582,  0.217369, -0.402442,  0.230279,  0.118628, -0.040524
  0.120084,  0.237138, -0.422162,  0.230302,  0.118120, -0.040590
  0.119534,  0.257402, -0.442080,  0.230013,  0.117560, -0.040643
  0.118929,  0.278149, -0.462144,  0.229372,  0.116946, -0.040681
  0.118266,  0.299364, -0.482301,  0.228343,  0.116273, -0.040704
  0.117541,  0.321031, -0.502498,  0.226885,  0.115539, -0.040712
  0.116752,  0.343134, -0.522678,  0.224958,  0.114740, -0.040704
  0.115894,  0.365658, -0.542785,  0.222520,  0.113873, -0.040680
  0.114964,  0.388587, -0.562762,  0.219529,  0.112934, -0.040639
  0.113959,  0.411903, -0.582548,  0.215944,  0.111919, -0.040582
  0.112875,  0.435591, -0.602087,  0.211722,  0.110826, -0.040507
  0.111709,  0.459632, -0.621317,  0.206818,  0.109650, -0.040414
  0.110455,  0.484010, -0.640179,  0.201192,  0.108388, -0.040303
  0.109111,  0.508707, -0.658612,  0.194799,  0.107035, -0.040173
  0.107673,  0.533705, -0.676558,  0.187598,  0.105588, -0.040025
  0.106135,  0.558985, -0.693954,  0.179546,  0.104041, -0.039857
  0.104495,  0.584529, -0.710742,  0.170602,  0.102392, -0.039670
  0.102746,  0.610316, -0.726860,  0.160723,  0.100634, -0.039462
  0.100885,  0.636328, -0.742248,  0.149871,  0.098765, -0.039234
  0.098906,  0.662542, -0.756847,  0.138004,  0.096778, -0.038985
  0.096805,  0.688937, -0.770597,  0.125085,  0.094668, -0.038714
  0.094577,  0.715492, -0.783437,  0.111074,  0.092431, -0.038421
  0.092215,  0.742182, -0.795307,  0.095936,  0.090061, -0.038105
  0.089714,  0.768983, -0.806149,  0.079633,  0.087552, -0.037766
  0.087068,  0.795870, -0.815902,  0.062132,  0.084898, -0.037402
  0.084272,  0.822815, -0.824507,  0.043399,  0.082093, -0.037013
  0.081318,  0.849790, -0.831905,  0.023402,  0.079132, -0.036597
  0.078200,  0.876765, -0.838036,  0.002111,  0.076006, -0.036154
  0.074911,  0.903710, -0.842841, -0.020505,  0.072709, -0.035683
  0.071444,  0.930592, -0.846261, -0.044472,  0.069234, -0.035181
  0.067790,  0.957377, -0.848238, -0.069817,  0.065573, -0.034649
  0.063943,  0.984029, -0.848712, -0.096563,  0.061718, -0.034084
  0.059893,  1.010511, -0.847626, -0.124735,  0.057660, -0.033484
  0.055631,  1.036784, -0.844921, -0.154351,  0.053391, -0.032849
  0.051147,  1.062809, -0.840541, -0.185433,  0.048900, -0.032175
  0.046432,  1.088545, -0.834428, -0.217997,  0.044177, -0.031462
  0.041474,  1.113949, -0.826526, -0.252058,  0.039212, -0.030708
  0.036260,  1.138977, -0.816780, -0.287633,  0.033991, -0.029909
  0.030779,  1.163586, -0.805135, -0.324731,  0.028503, -0.029065
  0.025014,  1.187732, -0.791538, -0.363365,  0.022731, -0.028172
  0.018951,  1.211370, -0.775938, -0.403544,  0.016660, -0.027229
  0.012570,  1.234455, -0.758284, -0.445274,  0.010273, -0.026234
  0.005853,  1.256945, -0.738531, -0.488562,  0.003549, -0.025184
 -0.001224,  1.278796, -0.716635, -0.533412, -0.003535, -0.024076
 -0.008685,  1.299970, -0.692555, -0.579824, -0.011004, -0.022910
 -0.016561,  1.320428, -0.666258, -0.627797, -0.018887, -0.021682
 -0.024884,  1.340138, -0.637716, -0.677329, -0.027217, -0.020392
 -0.033692,  1.359071, -0.606911, -0.728410, -0.036032, -0.019037
 -0.043028,  1.377205, -0.573834, -0.781026, -0.045376, -0.017617
 -0.052943,  1.394525, -0.538493, -0.835159, -0.055298, -0.016130
 -0.063491,  1.411027, -0.500911, -0.890780, -0.065854, -0.014576
 -0.074738,  1.426718, -0.461135, -0.947848, -0.077109, -0.012956
 -0.086756,  1.441618, -0.419238, -1.006311, -0.089135, -0.011271
 -0.099625,  1.455764, -0.375325, -1.066098, -0.102011, -0.009522
 -0.113429,  1.469212, -0.329540, -1.127119, -0.115824, -0.007714
 -0.128259,  1.482035, -0.282066, -1.189262, -0.130662, -0.005851
 -0.144197,  1.494328, -0.233127, -1.252390, -0.146608, -0.003938
 -0.161312,  1.506201, -0.182987, -1.316344, -0.163733, -0.001984
 -0.179643,  1.517774, -0.131937, -1.380947, -0.182073,  0.000002
 -0.199171,  1.529173, -0.080280, -1.446014, -0.201611,  0.002011
 -0.219799,  1.540512, -0.028308, -1.511358, -0.222249,  0.004029
 -0.241331,  1.551889,  0.023724, -1.576812, -0.243790,  0.006045
 -0.263466,  1.563372,  0.075605, -1.642226, -0.265936,  0.008046
 -0.285823,  1.575007,  0.127174, -1.707476, -0.288303,  0.010021
 -0.307986,  1.586828,  0.178293, -1.772450, -0.310476,  0.011959
 -0.329566,  1.598872,  0.228823, -1.837038, -0.332066,  0.013852
 -0.350250,  1.611189,  0.278596, -1.901117, -0.352761,  0.015691
 -0.369832,  1.623853,  0.327410, -1.964549, -0.372353,  0.017470
 -0.388207,  1.636952,  0.375037, -2.027187, -0.390738,  0.019185
 -0.405353,  1.650581,  0.421241, -2.088886, -0.407894,  0.020832
 -0.421306,  1.664831,  0.465798, -2.149505, -0.423857,  0.022410
 -0.436136,  1.679784,  0.508508, -2.208924, -0.438696,  0.023915
 -0.449928,  1.695505,  0.549206, -2.267040, -0.452498,  0.025349
 -0.462773,  1.712043,  0.587762, -2.323769, -0.465352,  0.026712
 -0.474757,  1.729430,  0.624081, -2.379046, -0.477346,  0.028005
 -0.485961,  1.747682,  0.658096, -2.432820, -0.488560,  0.029229
 -0.496458,  1.766800,  0.689769, -2.485055, -0.499066,  0.030386
 -0.506312,  1.786777,  0.719080, -2.535722, -0.508929,  0.031479
 -0.515578,  1.807592,  0.746026, -2.584803, -0.518205,  0.032510
 -0.524307,  1.829220,  0.770618, -2.632281, -0.526943,  0.033482
 -0.532541,  1.851628,  0.792878, -2.678148, -0.535185,  0.034398
 -0.540317,  1.874778,  0.812834, -2.722397, -0.542970,  0.035260
 -0.547668,  1.898629,  0.830521, -2.765022, -0.550330,  0.036072
 -0.554622,  1.923138,  0.845978, -2.806024, -0.557293,  0.036835
 -0.561204,  1.948259,  0.859249, -2.845400, -0.563884,  0.037554
 -0.567436,  1.973945,  0.870380, -2.883153, -0.570126,  0.038230
 -0.573339,  2.000148,  0.879419, -2.919285, -0.576038,  0.038867
 -0.578930,  2.026822,  0.886415, -2.953802, -0.581637,  0.039466
 -0.584224,  2.053918,  0.891422, -2.986709, -0.586941,  0.040031
 -0.589237,  2.081392,  0.894491, -3.018016, -0.591963,  0.040563
 -0.593982,  2.109196,  0.895676, -3.047733, -0.596717,  0.041064
 -0.598472,  2.137289,  0.895032, -3.075872, -0.601216,  0.041537
 -0.602717,  2.165625,  0.892614, -3.102448, -0.605470,  0.041983
 -0.606728,  2.194165,  0.888479, -3.127476, -0.609491,  0.042405
 -0.610516,  2.222869,  0.882682, -3.150977, -0.613288,  0.042803
 -0.614091,  2.251700,  0.875280, -3.172969, -0.616872,  0.043179
 -0.617460,  2.280622,  0.866332, -3.193477, -0.620251,  0.043535
 -0.620634,  2.309600,  0.855894, -3.212526, -0.623435,  0.043871
 -0.623620,  2.338604,  0.844025, -3.230142, -0.626431,  0.044188
 -0.626426,  2.367602,  0.830783, -3.246354, -0.629247,  0.044488
 -0.629061,  2.396565,  0.816226, -3.261193, -0.631891,  0.044771
 -0.631530,  2.425468,  0.800414, -3.274693, -0.634370,  0.045038
 -0.633841,  2.454285,  0.783406, -3.286886, -0.636691,  0.045290
 -0.636000,  2.482990,  0.765262, -3.297810, -0.638861,  0.045526
 -0.638015,  2.511563,  0.746041, -3.307503, -0.640886,  0.045748
 -0.639890,  2.539980,  0.725805, -3.316002, -0.642772,  0.045955
 -0.641633,  2.568221,  0.704614, -3.323350, -0.644525,  0.046149
 -0.643247,  2.596267,  0.682530, -3.329587, -0.646150,  0.046328
 -0.644740,  2.624097,  0.659616, -3.334758, -0.647653,  0.046493
 -0.646114,  2.651694,  0.635934, -3.338907, -0.649038,  0.046645
 -0.647377,  2.679039,  0.611550, -3.342080, -0.650312,  0.046783
 -0.648531,  2.706113,  0.586527, -3.344324, -0.651477,  0.046908
 -0.649582,  2.732899,  0.560933, -3.345688, -0.652539,  0.047019
 -0.650534,  2.759379,  0.534835, -3.346219, -0.653502,  0.047116
 -0.651391,  2.785534,  0.508299, -3.345969, -0.654370,  0.047199
 -0.652157,  2.811346,  0.481396, -3.344987, -0.655147,  0.047269
 -0.652836,  2.836798,  0.454195, -3.343326, -0.655837,  0.047325
 -0.653431,  2.861869,  0.426767, -3.341038, -0.656443,  0.047368
 -0.653946,  2.886541,  0.399182, -3.338174, -0.656970,  0.047397
 -0.654385,  2.910796,  0.371513, -3.334787, -0.657420,  0.047413
 -0.654751,  2.934613,  0.343828, -3.330928, -0.657798,  0.047415
 -0.655048,  2.957975,  0.316199, -3.326650, -0.658107,  0.047404
 -0.655279,  2.980861,  0.288695, -3.322002, -0.658349,  0.047381
 -0.655447,  3.003253,  0.261383, -3.317034, -0.658530,  0.047344
 -0.655557,  3.025133,  0.234329, -3.311794, -0.658651,  0.047296
 -0.655611,  3.046484,  0.207594, -3.306326, -0.658717,  0.047236
 -0.655613,  3.067288,  0.181237, -3.300674, -0.658731,  0.047164
 -0.655567,  3.087531,  0.155316, -3.294879, -0.658696,  0.047081
 -0.655475,  3.107196,  0.129879, -3.288977, -0.658615,  0.046988
 -0.655340,  3.126272,  0.104975, -3.283004, -0.658493,  0.046886
 -0.655168,  3.144746,  0.080645, -3.276991, -0.658332,  0.046774
 -0.654960,  3.162608,  0.056926, -3.270963, -0.658136,  0.046653
 -0.654719,  3.179848,  0.033850, -3.264947, -0.657908,  0.046525
 -0.654450,  3.196459,  0.011444, -3.258961, -0.657651,  0.046390
 -0.654155,  3.212435, -0.010271, -3.253022, -0.657368,  0.046248
 -0.653838,  3.227772, -0.031276, -3.247146, -0.657062,  0.046101
 -0.653500,  3.242467, -0.051560, -3.241341, -0.656736,  0.045948
 -0.653146,  3.256516, -0.071113, -3.235616, -0.656394,  0.045791
 -0.652777,  3.269919, -0.089930, -3.229975, -0.656037,  0.045630
 -0.652396,  3.282677, -0.108010, -3.224422, -0.655668,  0.045466
 -0.652006,  3.294790, -0.125354, -3.218957, -0.655291,  0.045300
 -0.651610,  3.306260, -0.141964, -3.213579, -0.654906,  0.045131
 -0.651209,  3.317088, -0.157848, -3.208286, -0.654517,  0.044961
 -0.650805,  3.327279, -0.173011, -3.203072, -0.654125,  0.044790
 -0.650401,  3.336835, -0.187464, -3.197934, -0.653733,  0.044619
 -0.649999,  3.345759, -0.201217, -3.192865, -0.653343,  0.044447
 -0.649599,  3.354055, -0.214278, -3.187860, -0.652955,  0.044276
 -0.649204,  3.361727, -0.226661, -3.182910, -0.652573,  0.044105
 -0.648816,  3.368778, -0.238376, -3.178010, -0.652196,  0.043936
 -0.648435,  3.375214, -0.249435, -3.173151, -0.651827,  0.043767
 -0.648063,  3.381036, -0.259848, -3.168328, -0.651467,  0.043601
 -0.647701,  3.386249, -0.269627, -3.163532, -0.651117,  0.043436
 -0.647351,  3.390855, -0.278782, -3.158757, -0.650779,  0.043273
 -0.647012,  3.394859, -0.287322, -3.153997, -0.650452,  0.043112
 -0.646686,  3.398263, -0.295258, -3.149246, -0.650138,  0.042954
 -0.646374,  3.401070, -0.302596, -3.144498, -0.649837,  0.042799
 -0.646075,  3.403281, -0.309345, -3.139748, -0.649551,  0.042646
 -0.645791,  3.404899, -0.315510, -3.134993, -0.649279,  0.042495
 -0.645522,  3.405925, -0.321098, -3.130228, -0.649022,  0.042348
 -0.645269,  3.406361, -0.326112, -3.125450, -0.648780,  0.042203
 -0.645031,  3.406208, -0.330555, -3.120658, -0.648554,  0.042062
 -0.644808,  3.405465, -0.334430, -3.115849, -0.648343,  0.041923
 -0.644600,  3.404134, -0.337738, -3.111024, -0.648148,  0.041787
 -0.644408,  3.402215, -0.340479, -3.106181, -0.647967,  0.041654
 -0.644231,  3.399706, -0.342650, -3.101321, -0.647802,  0.041523
 -0.644069,  3.396606, -0.344250, -3.096447, -0.647652,  0.041396
 -0.643921,  3.392915, -0.345275, -3.091560, -0.647516,  0.041271
 -0.643787,  3.388631, -0.345720, -3.086663, -0.647393,  0.041148
 -0.643666,  3.383751, -0.345579, -3.081761, -0.647284,  0.041028
 -0.643557,  3.378274, -0.344845, -3.076858, -0.647187,  0.040911
 -0.643460,  3.372197, -0.343509, -3.071958, -0.647102,  0.040795
 -0.643373,  3.365516, -0.341562, -3.067070, -0.647027,  0.040681
 -0.643296,  3.358229, -0.338993, -3.062198, -0.646962,  0.040569
 -0.643227,  3.350331, -0.335792, -3.057351, -0.646905,  0.040458
 -0.643166,  3.341819, -0.331945, -3.052538, -0.646855,  0.040348
 -0.643110,  3.332688, -0.327438, -3.047766, -0.646811,  0.040240
 -0.643058,  3.322934, -0.322258, -3.043046, -0.646771,  0.040131
 -0.643008,  3.312553, -0.316389, -3.038387, -0.646733,  0.040024
 -0.642959,  3.301538, -0.309816, -3.033800, -0.646696,  0.039916
 -0.642910,  3.289886, -0.302521, -3.029296, -0.646658,  0.039807
 -0.642856,  3.277590, -0.294488, -3.024885, -0.646617,  0.039698
 -0.642798,  3.264646, -0.285700, -3.020580, -0.646570,  0.039588
 -0.642732,  3.251048, -0.276138, -3.016391, -0.646516,  0.039476
 -0.642655,  3.236791, -0.265786, -3.012331, -0.646451,  0.039361
 -0.642566,  3.221869, -0.254625, -3.008410, -0.646374,  0.039244
 -0.642462,  3.206276, -0.242640, -3.004640, -0.646281,  0.039123
 -0.642339,  3.190010, -0.229814, -3.001030, -0.646170,  0.038998
 -0.642194,  3.173063, -0.216132, -2.997590, -0.646037,  0.038869
 -0.642025,  3.155434, -0.201580, -2.994328, -0.645880,  0.038734
 -0.641827,  3.137117, -0.186148, -2.991252, -0.645694,  0.038594
 -0.641597,  3.118110, -0.169825, -2.988366, -0.645476,  0.038446
 -0.641330,  3.098411, -0.152605, -2.985675, -0.645221,  0.038290
 -0.641024,  3.078019, -0.134486, -2.983178, -0.644927,  0.038126
 -0.640674,  3.056935, -0.115468, -2.980874, -0.644588,  0.037953
 -0.640274,  3.035159, -0.095557, -2.978758, -0.644201,  0.037768
 -0.639821,  3.012697, -0.074764, -2.976821, -0.643759,  0.037572
 -0.639309,  2.989552, -0.053105, -2.975050, -0.643259,  0.037364
 -0.638733,  2.965732, -0.030604, -2.973427, -0.642695,  0.037141
 -0.638087,  2.941247, -0.007291, -2.971930, -0.642062,  0.036904
 -0.637367,  2.916107,  0.016796, -2.970531, -0.641353,  0.036651
 -0.636566,  2.890329,  0.041611, -2.969198, -0.640564,  0.036380
 -0.635677,  2.863927,  0.067100, -2.967891, -0.639688,  0.036091
 -0.634696,  2.836923,  0.093201, -2.966566, -0.638719,  0.035783
 -0.633615,  2.809337,  0.119842, -2.965172, -0.637650,  0.035453
 -0.632428,  2.781195,  0.146945, -2.963655, -0.636475,  0.035103
 -0.631128,  2.752522,  0.174424, -2.961953, -0.635187,  0.034729
 -0.629707,  2.723349,  0.202186, -2.960001, -0.633779,  0.034331
 -0.628160,  2.693706,  0.230132, -2.957731, -0.632244,  0.033909
 -0.626478,  2.663625,  0.258158, -2.955069, -0.630574,  0.033461
 -0.624654,  2.633139,  0.286158, -2.951940, -0.628762,  0.032987
 -0.622680,  2.602283,  0.314020, -2.948270, -0.626800,  0.032486
 -0.620547,  2.571091,  0.341635, -2.943979, -0.624679,  0.031957
 -0.618248,  2.539597,  0.368891, -2.938992, -0.622392,  0.031400
 -0.615772,  2.507836,  0.395677, -2.933232, -0.619929,  0.030814
 -0.613112,  2.475843,  0.421885, -2.926623, -0.617281,  0.030199
 -0.610256,  2.443651,  0.447409, -2.919095, -0.614438,  0.029554
 -0.607195,  2.411293,  0.472146, -2.910576, -0.611389,  0.028880
 -0.603916,  2.378801,  0.495996, -2.901000, -0.608122,  0.028174
 -0.600408,  2.346208,  0.518864, -2.890302, -0.604626,  0.027438
 -0.596657,  2.313545,  0.540658, -2.878422, -0.600888,  0.026671
 -0.592650,  2.280843,  0.561290, -2.865305, -0.596893,  0.025872
 -0.588371,  2.248133,  0.580677, -2.850895, -0.592627,  0.025040
 -0.583804,  2.215446,  0.598738, -2.835146, -0.588072,  0.024175
 -0.578931,  2.182812,  0.615399, -2.818010, -0.583211,  0.023276
 -0.573732,  2.150263,  0.630586, -2.799447, -0.578025,  0.022342
 -0.568186,  2.117829,  0.644230, -2.779418, -0.572491,  0.021371
 -0.562270,  2.085543,  0.656267, -2.757891, -0.566588,  0.020364
 -0.555958,  2.053438,  0.666635, -2.734834, -0.560289,  0.019318
 -0.549224,  2.021546,  0.675274, -2.710221, -0.553567,  0.018232
 -0.542036,  1.989900,  0.682130, -2.684031, -0.546392,  0.017105
 -0.534361,  1.958534,  0.687152, -2.656244, -0.538729,  0.015933
 -0.526162,  1.927484,  0.690290, -2.626845, -0.530543,  0.014717
 -0.517399,  1.896783,  0.691501, -2.595825, -0.521792,  0.013453
 -0.508026,  1.866465,  0.690744, -2.563177, -0.512432,  0.012138
 -0.497993,  1.836565,  0.687986, -2.528898, -0.502412,  0.010772
 -0.487247,  1.807116,  0.683194, -2.492990, -0.491678,  0.009350
 -0.475725,  1.778149,  0.676346, -2.455460, -0.480170,  0.007870
 -0.463363,  1.749695,  0.667422, -2.416319, -0.467820,  0.006330
 -0.450085,  1.721781,  0.656412, -2.375582, -0.454556,  0.004726
 -0.435815,  1.694431,  0.643313, -2.333271, -0.440299,  0.003055
 -0.420466,  1.667668,  0.628131, -2.289413, -0.424964,  0.001315
 -0.403952,  1.641509,  0.610879, -2.244037, -0.408464, -0.000497
 -0.386184,  1.615965,  0.591581, -2.197182, -0.390710, -0.002383
 -0.367080,  1.591049,  0.570268, -2.148888, -0.371621, -0.004346
 -0.346572,  1.566766,  0.546976, -2.099200, -0.351129, -0.006386
 -0.324621,  1.543125,  0.521743, -2.048163, -0.329193, -0.008505
 -0.301232,  1.520138,  0.494596, -1.995821, -0.305821, -0.010700
 -0.276481,  1.497826,  0.465549, -1.942210, -0.281089, -0.012970
 -0.250540,  1.476229,  0.434582, -1.887351, -0.255168, -0.015309
 -0.223695,  1.455409,  0.401633, -1.831246, -0.228343, -0.017711
 -0.196355,  1.435453,  0.366587, -1.773873, -0.201025, -0.020167
 -0.169035,  1.416475,  0.329284, -1.715185, -0.173730, -0.022667
 -0.142308,  1.398598,  0.289536, -1.655124, -0.147028, -0.025199
 -0.116732,  1.381939,  0.247167, -1.593633, -0.121478, -0.027753
 -0.092774,  1.366583,  0.202063, -1.530686, -0.097548, -0.030317
 -0.070755,  1.352560,  0.154206, -1.466305, -0.075557, -0.032883
 -0.050833,  1.339838,  0.103710, -1.400579, -0.055663, -0.035441
 -0.033010,  1.328317,  0.050821, -1.333663, -0.037869, -0.037982
 -0.017178,  1.317837, -0.004089, -1.265781, -0.022064, -0.040496
 -0.003150,  1.308191, -0.060547, -1.197211, -0.008064, -0.042971
  0.009294,  1.299139, -0.118011, -1.128267,  0.004352, -0.045399
  0.020379,  1.290425, -0.175908, -1.059282,  0.015410, -0.047767
  0.030320,  1.281796, -0.233664, -0.990583,  0.025324, -0.050066
  0.039307,  1.273013, -0.290744, -0.922480,  0.034285, -0.052288
  0.047502,  1.263864, -0.346671, -0.855243,  0.042453, -0.054425
  0.055039,  1.254172, -0.401045, -0.789101,  0.049965, -0.056473
  0.062028,  1.243793, -0.453546, -0.724236,  0.056928, -0.058428
  0.068556,  1.232621, -0.503930, -0.660785,  0.063430, -0.060289
  0.074691,  1.220582, -0.552028, -0.598845,  0.069540, -0.062056
  0.080489,  1.207629, -0.597725, -0.538481,  0.075313, -0.063730
  0.085992,  1.193739, -0.640960, -0.479733,  0.080791, -0.065314
  0.091235,  1.178908, -0.681705, -0.422619,  0.086008, -0.066809
  0.096243,  1.163148, -0.719962, -0.367147,  0.090992, -0.068220
  0.101039,  1.146482, -0.755755, -0.313312,  0.095762, -0.069550
  0.105639,  1.128941, -0.789122, -0.261106,  0.100338, -0.070802
  0.110057,  1.110563, -0.820111, -0.210513,  0.104731, -0.071981
  0.114304,  1.091393, -0.848777, -0.161519,  0.108953, -0.073090
  0.118388,  1.071477, -0.875182, -0.114106,  0.113014, -0.074133
  0.122317,  1.050865, -0.899388, -0.068258,  0.116919, -0.075114
  0.126098,  1.029608, -0.921460, -0.023955,  0.120675, -0.076036
  0.129733,  1.007758, -0.941465,  0.018818,  0.124287, -0.076904
  0.133229,  0.985367, -0.959469,  0.060079,  0.127759, -0.077720
  0.136588,  0.962489, -0.975538,  0.099845,  0.131094, -0.078489
  0.139812,  0.939175, -0.989739,  0.138135,  0.134296, -0.079213
  0.142906,  0.915476, -1.002138,  0.174964,  0.137366, -0.079895
  0.145870,  0.891443, -1.012801,  0.210353,  0.140308, -0.080538
  0.148708,  0.867125, -1.021792,  0.244319,  0.143124, -0.081146
  0.151422,  0.842569, -1.029178,  0.276883,  0.145816, -0.081720
  0.154013,  0.817822, -1.035021,  0.308065,  0.148385, -0.082264
  0.156484,  0.792928, -1.039387,  0.337886,  0.150835, -0.082779
  0.158838,  0.767931, -1.042339,  0.366370,  0.153167, -0.083268
  0.161075,  0.742870, -1.043939,  0.393540,  0.155383, -0.083732
  0.163199,  0.717784, -1.044251,  0.419423,  0.157487, -0.084174
  0.165212,  0.692712, -1.043336,  0.444044,  0.159480, -0.084596
  0.167116,  0.667689, -1.041257,  0.467431,  0.161365, -0.084998
  0.168915,  0.642747, -1.038073,  0.489614,  0.163144, -0.085382
  0.170610,  0.617920, -1.033846,  0.510622,  0.164820, -0.085751
  0.172205,  0.593235, -1.028636,  0.530486,  0.166395, -0.086104
  0.173701,  0.568723, -1.022502,  0.549240,  0.167874, -0.086443
  0.175103,  0.544408, -1.015502,  0.566915,  0.169257, -0.086769
  0.176413,  0.520317, -1.007695,  0.583547,  0.170549, -0.087082
  0.177634,  0.496473, -0.999138,  0.599168,  0.171752, -0.087385
  0.178768,  0.472898, -0.989887,  0.613816,  0.172870, -0.087677
  0.179819,  0.449612, -0.979999,  0.627525,  0.173904, -0.087959
  0.180791,  0.426636, -0.969528,  0.640332,  0.174859, -0.088232
  0.181684,  0.403987, -0.958530,  0.652274,  0.175736, -0.088496
  0.182504,  0.381683, -0.947057,  0.663387,  0.176540, -0.088752
  0.183252,  0.359741, -0.935163,  0.673708,  0.177272, -0.089000
  0.183932,  0.338175, -0.922899,  0.683274,  0.177937, -0.089240
  0.184546,  0.317001, -0.910317,  0.692122,  0.178536, -0.089474
  0.185098,  0.296232, -0.897467,  0.700289,  0.179073, -0.089701
  0.185590,  0.275882, -0.884398,  0.707811,  0.179550, -0.089922
  0.186026,  0.255963, -0.871159,  0.714725,  0.179971, -0.090136
  0.186407,  0.236488, -0.857798,  0.721066,  0.180338, -0.090345
  0.186736,  0.217467, -0.844361,  0.726870,  0.180653, -0.090549
  0.187018,  0.198913, -0.830894,  0.732171,  0.180921, -0.090747
  0.187253,  0.180835, -0.817442,  0.737005,  0.181142, -0.090940
  0.187445,  0.163245, -0.804049,  0.741405,  0.181321, -0.091128
  0.187596,  0.146151, -0.790757,  0.745403,  0.181458, -0.091311
  0.187709,  0.129564, -0.777607,  0.749032,  0.181558, -0.091490
  0.187786,  0.113493, -0.764640,  0.752324,  0.181623, -0.091665
  0.187830,  0.097947, -0.751896,  0.755309,  0.181654, -0.091836
  0.187844,  0.082934, -0.739412,  0.758016,  0.181655, -0.092004
  0.187828,  0.068462, -0.727226,  0.760475,  0.181627, -0.092167
  0.187787,  0.054540, -0.715372,  0.762713,  0.181573, -0.092328
  0.187722,  0.041176, -0.703884,  0.764756,  0.181496, -0.092485
  0.187636,  0.028376, -0.692796,  0.766631,  0.181397, -0.092639
  0.187530,  0.016148, -0.682139,  0.768362,  0.181279, -0.092791
  0.187407,  0.004499, -0.671943,  0.769971,  0.181144, -0.092940
  0.187268, -0.006565, -0.662236,  0.771483,  0.180993, -0.093086
  0.187117, -0.017038, -0.653044,  0.772916,  0.180830, -0.093231
  0.186954, -0.026914, -0.644395,  0.774292,  0.180655, -0.093374
  0.186781, -0.036188, -0.636311,  0.775630,  0.180470, -0.093514
  0.186600, -0.044854, -0.628814,  0.776945,  0.180278, -0.093654
  0.186414, -0.052907, -0.621927,  0.778256,  0.180079, -0.093792
  0.186223, -0.060344, -0.615667,  0.779576,  0.179876, -0.093928
  0.186028, -0.067161, -0.610053,  0.780921,  0.179670, -0.094064
  0.185832, -0.073353, -0.605102,  0.782302,  0.179463, -0.094199
  0.185636, -0.078916, -0.600827,  0.783731,  0.179254, -0.094333
  0.185440, -0.083849, -0.597242,  0.785219,  0.179047, -0.094466
  0.185246, -0.088149, -0.594359,  0.786774,  0.178841, -0.094599
  0.185055, -0.091813, -0.592188,  0.788406,  0.178638, -0.094731
  0.184867, -0.094839, -0.590738,  0.790120,  0.178439, -0.094863
  0.184684, -0.097225, -0.590016,  0.791923,  0.178244, -0.094995
  0.184505, -0.098971, -0.590028,  0.793819,  0.178053, -0.095127
  0.184332, -0.100075, -0.590779,  0.795812,  0.177868, -0.095258
  0.184164, -0.100536, -0.592272,  0.797904,  0.177688, -0.095389
  0.184002, -0.100356, -0.594508,  0.800098,  0.177514, -0.095521
  0.183846, -0.099532, -0.597487,  0.802392,  0.177346, -0.095652
  0.183695, -0.098067, -0.601209,  0.804786,  0.177184, -0.095783
  0.183550, -0.095960, -0.605671,  0.807279,  0.177027, -0.095913
  0.183411, -0.093213, -0.610868,  0.809866,  0.176875, -0.096044
  0.183276, -0.089827, -0.616794,  0.812545,  0.176728, -0.096174
  0.183145, -0.085804, -0.623444,  0.815309,  0.176585, -0.096304
  0.183017, -0.081146, -0.630808,  0.818152,  0.176446, -0.096433
  0.182893, -0.075855, -0.638877,  0.821066,  0.176309, -0.096562
  0.182769, -0.069935, -0.647639,  0.824042,  0.176173, -0.096691
  0.182646, -0.063387, -0.657080,  0.827071,  0.176039, -0.096818
  0.182523, -0.056216, -0.667187,  0.830140,  0.175903, -0.096944
  0.182397, -0.048425, -0.677943,  0.833238,  0.175765, -0.097070
  0.182268, -0.040018, -0.689331,  0.836351,  0.175624, -0.097194
  0.182134, -0.030999, -0.701332,  0.839464,  0.175478, -0.097318
  0.181993, -0.021373, -0.713925,  0.842560,  0.175325, -0.097439
  0.181844, -0.011145, -0.727088,  0.845622,  0.175164, -0.097559
  0.181685, -0.000321, -0.740798,  0.848631,  0.174993, -0.097678
  0.181513,  0.011096, -0.755029,  0.851568,  0.174809, -0.097795
  0.181327,  0.023099, -0.769755,  0.854412,  0.174612, -0.097909
  0.181125,  0.035683, -0.784948,  0.857140,  0.174398, -0.098022
  0.180905,  0.048841, -0.800580,  0.859729,  0.174166, -0.098133
  0.180663,  0.062568, -0.816619,  0.862155,  0.173913, -0.098241
  0.180399,  0.076857, -0.833034,  0.864391,  0.173637, -0.098347
  0.180109,  0.091703, -0.849792,  0.866411,  0.173336, -0.098451
  0.179791,  0.107098, -0.866859,  0.868188,  0.173007, -0.098552
  0.179443,  0.123036, -0.884200,  0.869692,  0.172648, -0.098651
  0.179061,  0.139511, -0.901778,  0.870893,  0.172256, -0.098747
  0.178644,  0.156515, -0.919556,  0.871762,  0.171828, -0.098840
  0.178188,  0.174043, -0.937496,  0.872265,  0.171361, -0.098931
  0.177690,  0.192088, -0.955559,  0.872371,  0.170853, -0.099019
  0.177148,  0.210641, -0.973704,  0.872046,  0.170301, -0.099104
  0.176558,  0.229698, -0.991890,  0.871257,  0.169701, -0.099187
  0.175917,  0.249250, -1.010075,  0.869967,  0.169051, -0.099267
  0.175222,  0.269290, -1.028217,  0.868141,  0.168348, -0.099344
  0.174471,  0.289812, -1.046272,  0.865744,  0.167587, -0.099419
  0.173658,  0.310807, -1.064194,  0.862737,  0.166766, -0.099491
  0.172781,  0.332268, -1.081940,  0.859083,  0.165881, -0.099560
  0.171837,  0.354187, -1.099463,  0.854745,  0.164929, -0.099626
  0.170821,  0.376556, -1.116715,  0.849682,  0.163906, -0.099690
  0.169730,  0.399364, -1.133649,  0.843857,  0.162808, -0.099750
  0.168560,  0.422604, -1.150216,  0.837229,  0.161631, -0.099808
  0.167306,  0.446265, -1.166366,  0.829760,  0.160371, -0.099863
  0.165965,  0.470336, -1.182048,  0.821408,  0.159024, -0.099915
  0.164532,  0.494806, -1.197212,  0.812134,  0.157586, -0.099964
  0.163004,  0.519662, -1.211804,  0.801897,  0.156053, -0.100010
  0.161375,  0.544891, -1.225772,  0.790658,  0.154420, -0.100052
  0.159641,  0.570478, -1.239060,  0.778376,  0.152683, -0.100090
  0.157799,  0.596407, -1.251614,  0.765012,  0.150837, -0.100125
  0.155842,  0.622661, -1.263377,  0.750526,  0.148878, -0.100155
  0.153767,  0.649221, -1.274291,  0.734881,  0.146801, -0.100181
  0.151569,  0.676065, -1.284300,  0.718037,  0.144602, -0.100201
  0.149244,  0.703171, -1.293342,  0.699958,  0.142276, -0.100215
  0.146787,  0.730515, -1.301359,  0.680608,  0.139819, -0.100223
  0.144194,  0.758069, -1.308289,  0.659952,  0.137227, -0.100224
  0.141460,  0.785804, -1.314070,  0.637956,  0.134495, -0.100216
  0.138581,  0.813688, -1.318639,  0.614588,  0.131619, -0.100199
  0.135555,  0.841687, -1.321933,  0.589819,  0.128595, -0.100172
  0.132376,  0.869765, -1.323887,  0.563619,  0.125420, -0.100133
  0.129042,  0.897880, -1.324437,  0.535961,  0.122091, -0.100081
  0.125550,  0.925991, -1.323515,  0.506822,  0.118605, -0.100013
  0.121898,  0.954051, -1.321057,  0.476178,  0.114958, -0.099929
  0.118082,  0.982012, -1.316994,  0.444009,  0.111150, -0.099827
  0.114103,  1.009823, -1.311259,  0.410296,  0.107178, -0.099703
  0.109957,  1.037429, -1.303783,  0.375025,  0.103041, -0.099555
  0.105645,  1.064772, -1.294498,  0.338180,  0.098739, -0.099382
  0.101167,  1.091792, -1.283333,  0.299750,  0.094270, -0.099179
  0.096521,  1.118426, -1.270218,  0.259724,  0.089636, -0.098945
  0.091710,  1.144609, -1.255081,  0.218093,  0.084837, -0.098675
  0.086734,  1.170273, -1.237851,  0.174850,  0.079873, -0.098366
  0.081594,  1.195348, -1.218454,  0.129987,  0.074746, -0.098015
  0.076292,  1.219763, -1.196814,  0.083498,  0.069457, -0.097618
  0.070828,  1.243444, -1.172855,  0.035374,  0.064008, -0.097171
  0.065206,  1.266316, -1.146497, -0.014391,  0.058401, -0.096669
  0.059426,  1.288305, -1.117660, -0.065808,  0.052636, -0.096109
  0.053490,  1.309333, -1.086259, -0.118888,  0.046715, -0.095486
  0.047398,  1.329326, -1.052205, -0.173649,  0.040640, -0.094797
  0.041152,  1.348205, -1.015408, -0.230108,  0.034411, -0.094036
  0.034751,  1.365896, -0.975772, -0.288291,  0.028027, -0.093198
  0.028196,  1.382323, -0.933195, -0.348226,  0.021489, -0.092281
  0.021484,  1.397412, -0.887573, -0.409950,  0.014795, -0.091278
  0.014615,  1.411094, -0.838799, -0.473505,  0.007943, -0.090186
  0.007586,  1.423301, -0.786759, -0.538938,  0.000932, -0.089000
  0.000394,  1.433969, -0.731345, -0.606301, -0.006242, -0.087715
 -0.006966,  1.443044, -0.672449, -0.675651, -0.013584, -0.086328
 -0.014499,  1.450482, -0.609977, -0.747040, -0.021100, -0.084834
 -0.022213,  1.456254, -0.543857, -0.820516, -0.028795, -0.083231
 -0.030118,  1.460353, -0.474056, -0.896107, -0.036683, -0.081515
 -0.038231,  1.462805, -0.400601, -0.973814, -0.044779, -0.079685
 -0.046580,  1.463681, -0.323615, -1.053584, -0.053110, -0.077741
 -0.055208,  1.463110, -0.243347, -1.135296, -0.061720, -0.075685
 -0.064183,  1.461301, -0.160219, -1.218729, -0.070678, -0.073523
 -0.073607,  1.458549, -0.074859, -1.303544, -0.080085, -0.071263
 -0.083621,  1.455246,  0.011893, -1.389276, -0.090081, -0.068919
 -0.094396,  1.451859,  0.099015, -1.475352, -0.100836, -0.066507
 -0.106104,  1.448894,  0.185395, -1.561146, -0.112525, -0.064046
 -0.118875,  1.446836,  0.269965, -1.646054, -0.125275, -0.061557
 -0.132746,  1.446096,  0.351829, -1.729567, -0.139124, -0.059060
 -0.147630,  1.446967,  0.430344, -1.811320, -0.153986, -0.056571
 -0.163336,  1.449629,  0.505122, -1.891088, -0.169670, -0.054108
 -0.179602,  1.454166,  0.575988, -1.968768, -0.185915, -0.051683
 -0.196154,  1.460595,  0.642905, -2.044335, -0.202448, -0.049308
 -0.212742,  1.468896,  0.705920, -2.117807, -0.219018, -0.046993
 -0.229163,  1.479030,  0.765118, -2.189228, -0.235423, -0.044744
 -0.245267,  1.490947,  0.820603, -2.258646, -0.251514, -0.042569
 -0.260952,  1.504590,  0.872477, -2.326110, -0.267187, -0.040470
 -0.276154,  1.519902,  0.920845, -2.391661, -0.282379, -0.038452
 -0.290838,  1.536820,  0.965803, -2.455336, -0.297055, -0.036515
 -0.304989,  1.555282,  1.007442, -2.517162, -0.311200, -0.034660
 -0.318604,  1.575220,  1.045848, -2.577159, -0.324811, -0.032886
 -0.331691,  1.596564,  1.081100, -2.635340, -0.337895, -0.031192
 -0.344258,  1.619243,  1.113274, -2.691708, -0.350461, -0.029576
 -0.356319,  1.643182,  1.142441, -2.746264, -0.362521, -0.028036
 -0.367887,  1.668304,  1.168668, -2.798999, -0.374090, -0.026568
 -0.378974,  1.694532,  1.192019, -2.849903, -0.385179, -0.025170
 -0.389594,  1.721786,  1.212556, -2.898963, -0.395801, -0.023839
 -0.399758,  1.749986,  1.230341, -2.946160, -0.405968, -0.022571
 -0.409476,  1.779051,  1.245433, -2.991479, -0.415690, -0.021363
 -0.418760,  1.808902,  1.257890, -3.034901, -0.424978, -0.020211
 -0.427618,  1.839459,  1.267772, -3.076409, -0.433842, -0.019111
 -0.436061,  1.870646,  1.275137, -3.115987, -0.442291, -0.018061
 -0.444099,  1.902387,  1.280045, -3.153623, -0.450335, -0.017056
 -0.451742,  1.934608,  1.282554, -3.189306, -0.457984, -0.016094
 -0.458999,  1.967239,  1.282725, -3.223028, -0.465248, -0.015171
 -0.465881,  2.000214,  1.280619, -3.254785, -0.472138, -0.014284
 -0.472399,  2.033470,  1.276294, -3.284578, -0.478664, -0.013432
 -0.478565,  2.066948,  1.269814, -3.312410, -0.484837, -0.012610
 -0.484390,  2.100591,  1.261237, -3.338289, -0.490670, -0.011816
 -0.489886,  2.134349,  1.250627, -3.362227, -0.496175, -0.011049
 -0.495065,  2.168175,  1.238043, -3.384240, -0.501363, -0.010307
 -0.499941,  2.202027,  1.223546, -3.404347, -0.506248, -0.009587
 -0.504526,  2.235865,  1.207196, -3.422571, -0.510841, -0.008889
 -0.508831,  2.269656,  1.189052, -3.438938, -0.515156, -0.008210
 -0.512870,  2.303370,  1.169173, -3.453476, -0.519204, -0.007550
 -0.516655,  2.336979,  1.147616, -3.466217, -0.522999, -0.006908
 -0.520198,  2.370460,  1.124437, -3.477195, -0.526551, -0.006283
 -0.523511,  2.403794,  1.099692, -3.486445, -0.529873, -0.005674
 -0.526604,  2.436964,  1.073433, -3.494004, -0.532976, -0.005081
 -0.529489,  2.469956,  1.045715, -3.499911, -0.535871, -0.004503
 -0.532176,  2.502758,  1.016588, -3.504207, -0.538568, -0.003941
 -0.534674,  2.535362,  0.986103, -3.506931, -0.541077, -0.003393
 -0.536994,  2.567759,  0.954308, -3.508126, -0.543407, -0.002861
 -0.539144,  2.599945,  0.921253, -3.507834, -0.545566, -0.002345
 -0.541132,  2.631916,  0.886986, -3.506097, -0.547565, -0.001845
 -0.542966,  2.663667,  0.851554, -3.502961, -0.549409, -0.001360
 -0.544653,  2.695196,  0.815005, -3.498468, -0.551106, -0.000892
 -0.546199,  2.726500,  0.777388, -3.492665, -0.552663, -0.000442
 -0.547612,  2.757577,  0.738754, -3.485598, -0.554085, -0.000009
 -0.548895,  2.788424,  0.699153, -3.477314, -0.555379,  0.000404
 -0.550056,  2.819037,  0.658640, -3.467863, -0.556550,  0.000799
 -0.551098,  2.849410,  0.617273, -3.457295, -0.557603,  0.001173
 -0.552026,  2.879536,  0.575115, -3.445665, -0.558541,  0.001526
 -0.552843,  2.909407,  0.532231, -3.433029, -0.559369,  0.001856
 -0.553555,  2.939009,  0.488696, -3.419447, -0.560091,  0.002164
 -0.554163,  2.968329,  0.444588, -3.404983, -0.560710,  0.002447
 -0.554672,  2.997349,  0.399996, -3.389704, -0.561229,  0.002706
 -0.555084,  3.026046,  0.355012, -3.373683, -0.561652,  0.002938
 -0.555403,  3.054398,  0.309739, -3.356995, -0.561981,  0.003144
 -0.555631,  3.082374,  0.264287, -3.339722, -0.562220,  0.003323
 -0.555772,  3.109945,  0.218769, -3.321945, -0.562371,  0.003474
 -0.555829,  3.137076,  0.173306, -3.303751, -0.562439,  0.003597
 -0.555806,  3.163733,  0.128019, -3.285226, -0.562426,  0.003693
 -0.555705,  3.189879,  0.083029, -3.266455, -0.562336,  0.003761
 -0.555532,  3.215479,  0.038456, -3.247522, -0.562173,  0.003802
 -0.555289,  3.240498, -0.005590, -3.228506, -0.561941,  0.003816
 -0.554982,  3.264903, -0.049004, -3.209477, -0.561644,  0.003806
 -0.554614,  3.288667, -0.091696, -3.190502, -0.561287,  0.003771
 -0.554191,  3.311765, -0.133586, -3.171636, -0.560874,  0.003713
 -0.553716,  3.334175, -0.174611, -3.152923, -0.560410,  0.003635
 -0.553195,  3.355884, -0.214722, -3.134399, -0.559899,  0.003537
 -0.552631,  3.376880, -0.253883, -3.116091, -0.559346,  0.003421
 -0.552030,  3.397157, -0.292075, -3.098015, -0.558755,  0.003288
 -0.551396,  3.416712, -0.329288, -3.080178, -0.558132,  0.003141
 -0.550733,  3.435546, -0.365525, -3.062582, -0.557479,  0.002981
 -0.550044,  3.453662, -0.400797, -3.045219, -0.556800,  0.002809
 -0.549333,  3.471068, -0.435124, -3.028079, -0.556100,  0.002627
 -0.548605,  3.487771, -0.468529, -3.011146, -0.555382,  0.002436
 -0.547861,  3.503779, -0.501044, -2.994402, -0.554649,  0.002237
 -0.547106,  3.519103, -0.532699, -2.977825, -0.553904,  0.002031
 -0.546341,  3.533754, -0.563529, -2.961392, -0.553151,  0.001819
 -0.545571,  3.547741, -0.593570, -2.945079, -0.552390,  0.001602
 -0.544796,  3.561075, -0.622858, -2.928861, -0.551626,  0.001381
 -0.544020,  3.573766, -0.651428, -2.912714, -0.550861,  0.001156
 -0.543245,  3.585824, -0.679316, -2.896613, -0.550096,  0.000927
 -0.542473,  3.597258, -0.706555, -2.880533, -0.549335,  0.000696
 -0.541705,  3.608076, -0.733178, -2.864451, -0.548578,  0.000462
 -0.540945,  3.618287, -0.759216, -2.848344, -0.547828,  0.000226
 -0.540192,  3.627896, -0.784698, -2.832189, -0.547086, -0.000012
 -0.539450,  3.636909, -0.809651, -2.815967, -0.546354, -0.000252
 -0.538719,  3.645333, -0.834101, -2.799655, -0.545634, -0.000493
 -0.538002,  3.653172, -0.858072, -2.783237, -0.544927, -0.000735
 -0.537299,  3.660429, -0.881584, -2.766693, -0.544235, -0.000979
 -0.536613,  3.667106, -0.904659, -2.750007, -0.543559, -0.001224
 -0.535944,  3.673207, -0.927312, -2.733164, -0.542901, -0.001470
 -0.535293,  3.678731, -0.949561, -2.716147, -0.542261, -0.001717
 -0.534662,  3.683680, -0.971419, -2.698946, -0.541641, -0.001966
 -0.534053,  3.688054, -0.992897, -2.681545, -0.541042, -0.002216
 -0.533465,  3.691851, -1.014007, -2.663935, -0.540465, -0.002468
 -0.532901,  3.695069, -1.034757, -2.646106, -0.539911, -0.002721
 -0.532361,  3.697707, -1.055153, -2.628047, -0.539382, -0.002976
 -0.531846,  3.699761, -1.075199, -2.609752, -0.538877, -0.003232
 -0.531357,  3.701227, -1.094900, -2.591213, -0.538399, -0.003491
 -0.530896,  3.702102, -1.114257, -2.572424, -0.537948, -0.003751
 -0.530462,  3.702381, -1.133269, -2.553380, -0.537525, -0.004014
 -0.530056,  3.702058, -1.151935, -2.534078, -0.537130, -0.004279
 -0.529680,  3.701128, -1.170252, -2.514516, -0.536764, -0.004547
 -0.529333,  3.699584, -1.188213, -2.494692, -0.536428, -0.004818
 -0.529016,  3.697421, -1.205813, -2.474606, -0.536122, -0.005091
 -0.528730,  3.694630, -1.223043, -2.454259, -0.535846, -0.005367
 -0.528475,  3.691205, -1.239895, -2.433653, -0.535602, -0.005646
 -0.528251,  3.687138, -1.256355, -2.412792, -0.535388, -0.005929
 -0.528058,  3.682422, -1.272412, -2.391680, -0.535206, -0.006214
 -0.527896,  3.677048, -1.288051, -2.370324, -0.535055, -0.006504
 -0.527765,  3.671007, -1.303257, -2.348731, -0.534935, -0.006797
 -0.527664,  3.664292, -1.318011, -2.326910, -0.534845, -0.007093
 -0.527594,  3.656895, -1.332296, -2.304872, -0.534785, -0.007394
 -0.527553,  3.648807, -1.346090, -2.282629, -0.534755, -0.007698
 -0.527541,  3.640019, -1.359372, -2.260194, -0.534754, -0.008006
 -0.527557,  3.630524, -1.372117, -2.237583, -0.534780, -0.008317
 -0.527598,  3.620313, -1.384302, -2.214812, -0.534833, -0.008633
 -0.527665,  3.609379, -1.395899, -2.191901, -0.534910, -0.008953
 -0.527755,  3.597714, -1.406881, -2.168869, -0.535010, -0.009276
 -0.527865,  3.585311, -1.417218, -2.145740, -0.535132, -0.009603
 -0.527995,  3.572163, -1.426879, -2.122537, -0.535272, -0.009934
 -0.528141,  3.558264, -1.435831, -2.099288, -0.535429, -0.010268
 -0.528300,  3.543608, -1.444040, -2.076019, -0.535599, -0.010606
 -0.528470,  3.528190, -1.451471, -2.052763, -0.535779, -0.010948
 -0.528646,  3.512005, -1.458087, -2.029550, -0.535966, -0.011292
 -0.528826,  3.495049, -1.463849, -2.006417, -0.536157, -0.011640
 -0.529004,  3.477318, -1.468718, -1.983400, -0.536346, -0.011990
 -0.529177,  3.458810, -1.472651, -1.960537, -0.536529, -0.012344
 -0.529339,  3.439523, -1.475606, -1.937871, -0.536702, -0.012700
 -0.529485,  3.419455, -1.477538, -1.915444, -0.536859, -0.013058
 -0.529610,  3.398607, -1.478402, -1.893302, -0.536995, -0.013419
 -0.529708,  3.376977, -1.478151, -1.871492, -0.537104, -0.013781
 -0.529772,  3.354567, -1.476735, -1.850065, -0.537179, -0.014146
 -0.529796,  3.331378, -1.474104, -1.829072, -0.537214, -0.014512
 -0.529773,  3.307412, -1.470207, -1.808567, -0.537201, -0.014880
 -0.529694,  3.282671, -1.464991, -1.788606, -0.537133, -0.015249
 -0.529552,  3.257157, -1.458400, -1.769247, -0.537003, -0.015620
 -0.529339,  3.230875, -1.450379, -1.750548, -0.536800, -0.015991
 -0.529046,  3.203826, -1.440870, -1.732572, -0.536518, -0.016364
 -0.528663,  3.176014, -1.429812, -1.715382, -0.536146, -0.016738
 -0.528181,  3.147442, -1.417145, -1.699041, -0.535675, -0.017114
 -0.527588,  3.118111, -1.402804, -1.683617, -0.535094, -0.017490
 -0.526875,  3.088023, -1.386723, -1.669176, -0.534393, -0.017867
 -0.526029,  3.057178, -1.368835, -1.655788, -0.533558, -0.018245
 -0.525038,  3.025576, -1.349068, -1.643523, -0.532579, -0.018625
 -0.523889,  2.993215, -1.327348, -1.632453, -0.531440, -0.019006
 -0.522565,  2.960090, -1.303598, -1.622653, -0.530129, -0.019389
 -0.521053,  2.926194, -1.277734, -1.614197, -0.528629, -0.019773
 -0.519335,  2.891519, -1.249673, -1.607162, -0.526922, -0.020159
